[{"id":"1","name":"Dr.Sultana...MBBS","exp":"Experience-12yrs","avail":"Available"},
 {"id":"2","name":"Dr.Radhika...MBBS","exp":"Experience-12yrs","avail":"Available"},
 {"id":"3","name":"Dr.Swetha...MBBS","exp":"Experience-12yrs","avail":"Available"},
 {"id":"4","name":"Dr.Daniel...MBBS","exp":"Experience-12yrs","avail":"Available"},
 {"id":"5","name":"Dr.Hemanth...MBBS","exp":"Experience-12yrs","avail":"Available"},
 {"id":"6","name":"Dr.Praveen...MBBS","exp":"Experience-12yrs","avail":"Available"}]